{"desktopweb":{"platform":"desktopweb","indexjl":"js","devicemessage":"This device is currently not supported","deviceexception":"Unknown Error Occurred <br/> Contact System Admin","webmanifest":"webmanifest","themecolor":"#FF0000","appleicon":"launchicon-192.png","enableProgressiveWeb":"true","importjsfiles":[],"javascripterrormsg":"To use this site, first enable your browser's JavaScript support and then refresh this page.","apptitle":"Expense Tracker","version":"1.0.1","category":"desktopweb/","bgcolor":"#ffffff","style":"width:100%; margin: 0px; padding: 0px;","bodyalign":"left","enablexfsdw":false,"enablexfs":"false","isDebug":"true","csslist":[],"jslist":[]},"appconfig":{"buildoption":"release","applocales":"","spa":"desktopweb","appid":"teamExpenseTrack","devicedblookup":"false","smsecure":"","cacheId":"1551952239890","cacheUrl":"teamExpenseTrack/1551952239890"}}